,min_p_e,max_p_e,min_th_e,max_th_e,min_p_pi,max_p_pi,min_th_pi,max_th_pi
0,4.83394984493917,6.176713690755605,0.22603996927216796,0.366039969272168,4.599546635282179,5.62166810978933,0.24257475170509837,0.3065747517050984
1,3.3951347984209206,4.338227797982287,0.33403177239809134,0.47403177239809136,6.043620566877618,7.38664735951709,0.170277890979369,0.234277890979369
2,1.80274934763906,2.3035130553165764,0.5706544553767949,0.7106544553767948,7.663280828620632,9.366232123869661,0.09889969389957504,0.16289969389957504
3,2.4359247674087547,3.1125705361334086,0.4445525657110974,0.5845525657110975,7.005216102586892,8.561930792050646,0.12630595070012213,0.19030595070012213
