,min_p_e,max_p_e,min_th_e,max_th_e,min_p_pi,max_p_pi,min_th_pi,max_th_pi,max_oop_pi,max_oop_e
0,4.83394984493917,6.176713690755605,0.23853996927216797,0.35353996927216796,4.599546635282179,5.62166810978933,0.24707475170509838,0.3020747517050984,0.07,0.0375
1,3.3951347984209206,4.338227797982287,0.34653177239809135,0.46153177239809134,6.043620566877618,7.38664735951709,0.174777890979369,0.229777890979369,0.07,0.0375
2,1.80274934763906,2.3035130553165764,0.5831544553767949,0.6981544553767949,7.663280828620632,9.366232123869661,0.10339969389957504,0.15839969389957503,0.07,0.0375
3,2.4359247674087547,3.1125705361334086,0.4570525657110974,0.5720525657110974,7.005216102586892,8.561930792050646,0.13080595070012213,0.18580595070012212,0.07,0.0375
